Komili Ayçiçek Yağı,Bingo Matik Deterjan,Nestlé Nesquik,Banvit Piliç Nugget,Yudum Zeytinyağı,Torku Ayran,Finish Bulaşık Tableti,Eti Cin,Sütaş Yoğurt,Solo Kağıt Havlu
Sana Margarin,Eti Burçak,Coca-Cola Klasik,Doğuş Karadeniz Çayı,Eti Cin,ABC Çamaşır Suyu,Solo Kağıt Havlu,Besler Makarna,Ülker Çikolatalı Gofret,Pril Bulaşık Deterjanı,Tamek Bezelye Konservesi,Pepsi Max,Lipton Yellow Label Çay,Çaykur Rize Turist Çayı,Bingo Matik Deterjan,Ülker Halley,Fanta Portakal,Colgate Total,Tursil Toz Deterjan,Maggi Çabuk Çorba,Torku Ayran,Nescafé Classic,Pınar Kaşar Peyniri,Barilla Spaghetti
Pepsi Max,Domestos Çamaşır Suyu,Knorr Tavuk Bulyon,Tursil Toz Deterjan,Sütaş Beyaz Peynir,Elidor Şampuan,Torku Ayran,Haribo Altın Ayıcık,Danone Activia,Clear Men Şampuan,Eti Burçak,Persil Jel Deterjan,Ülker Çikolatalı Gofret,Solo Kağıt Havlu,Jacobs Monarch Kahve,Yumoş Konsantre Yumuşatıcı,Bingo Matik Deterjan,Maggi Çabuk Çorba,Ülker Halley,Uno Tost Ekmeği,Fairy Bulaşık Deterjanı,Omo Sıvı Deterjan,Besler Makarna,Bebelac Devam Sütü,Doğuş Karadeniz Çayı
Uno Tost Ekmeği,Solo Kağıt Havlu,Pınar Süt,Tursil Toz Deterjan,Sana Margarin,Besler Makarna,Tat Domates Salçası,Pınar Kaşar Peyniri,Tamek Bezelye Konservesi,Çaykur Rize Turist Çayı,Yudum Zeytinyağı,Persil Jel Deterjan,Ülker Halley,Fairy Bulaşık Deterjanı,Elidor Şampuan,Signal Diş Macunu,Sütaş Yoğurt,Danone Activia,Omo Sıvı Deterjan,Pepsi Max,Haribo Altın Ayıcık,Yumoş Konsantre Yumuşatıcı,Knorr Tavuk Bulyon,Bingo Matik Deterjan,Clear Men Şampuan,Eti Burçak,ABC Çamaşır Suyu,Pril Bulaşık Deterjanı,Banvit Piliç Nugget,Domestos Çamaşır Suyu,Maggi Çabuk Çorba
Sütaş Beyaz Peynir,Tat Domates Salçası,Sütaş Yoğurt,Domestos Çamaşır Suyu,Doğuş Karadeniz Çayı,Clear Men Şampuan,Omo Sıvı Deterjan,Nescafé Classic,Jacobs Monarch Kahve,Haribo Altın Ayıcık,Vernel Max Yumuşatıcı,Bingo Matik Deterjan,Persil Jel Deterjan,ABC Çamaşır Suyu,Besler Makarna,Eti Cin
Eti Burçak,Jacobs Monarch Kahve,Bingo Matik Deterjan,Uno Tost Ekmeği,Tursil Toz Deterjan,Persil Jel Deterjan,Torku Ayran,Clear Men Şampuan,Finish Bulaşık Tableti,Besler Makarna,Maggi Çabuk Çorba,Banvit Piliç Nugget,Ülker Çikolatalı Gofret,Doğuş Karadeniz Çayı,Tat Domates Salçası,Ülker Halley,Nescafé Classic,Pepsi Max,Omo Sıvı Deterjan,ABC Çamaşır Suyu,Milka Çikolata,Domestos Çamaşır Suyu,Elidor Şampuan,Pınar Süt,Sütaş Yoğurt,Knorr Tavuk Bulyon,Pril Bulaşık Deterjanı,Signal Diş Macunu,Sütaş Beyaz Peynir,Colgate Total,Yumoş Konsantre Yumuşatıcı,Danone Activia,Sana Margarin,Eti Cin,Lipton Yellow Label Çay,Komili Ayçiçek Yağı,Çaykur Rize Turist Çayı,Nestlé Nesquik,Coca-Cola Klasik,Fairy Bulaşık Deterjanı,Haribo Altın Ayıcık,Bebelac Devam Sütü,Yudum Zeytinyağı,Solo Kağıt Havlu,Ülker Rondo,Barilla Spaghetti,Tamek Bezelye Konservesi
Knorr Tavuk Bulyon,Solo Kağıt Havlu,Bebelac Devam Sütü,Bingo Matik Deterjan,Torku Ayran,Coca-Cola Klasik,Vernel Max Yumuşatıcı,Elidor Şampuan,Komili Ayçiçek Yağı,Sana Margarin,Domestos Çamaşır Suyu,Clear Men Şampuan,Ülker Halley,Yudum Zeytinyağı,Colgate Total,Tursil Toz Deterjan,Banvit Piliç Nugget,Finish Bulaşık Tableti,Sütaş Yoğurt,Selpak Tuvalet Kağıdı,Milka Çikolata,Danone Activia,Besler Makarna,Uno Tost Ekmeği,Nestlé Nesquik,Pınar Kaşar Peyniri,Yumoş Konsantre Yumuşatıcı,Ülker Çikolatalı Gofret,Lipton Yellow Label Çay,Eti Burçak,Çaykur Rize Turist Çayı,ABC Çamaşır Suyu,Eti Cin,Sütaş Beyaz Peynir,Nescafé Classic,Signal Diş Macunu,Persil Jel Deterjan,Barilla Spaghetti,Omo Sıvı Deterjan,Haribo Altın Ayıcık,Ülker Rondo,Pepsi Max,Tat Domates Salçası,Fairy Bulaşık Deterjanı,Tamek Bezelye Konservesi,Fanta Portakal,Doğuş Karadeniz Çayı,Maggi Çabuk Çorba,Pınar Süt
Milka Çikolata,Danone Activia,Signal Diş Macunu,Sütaş Beyaz Peynir,Clear Men Şampuan,Omo Sıvı Deterjan,Yudum Zeytinyağı,ABC Çamaşır Suyu,Pınar Süt,Tamek Bezelye Konservesi,Maggi Çabuk Çorba,Nescafé Classic,Torku Ayran,Finish Bulaşık Tableti,Coca-Cola Klasik,Sana Margarin,Barilla Spaghetti,Yumoş Konsantre Yumuşatıcı,Pınar Kaşar Peyniri,Sütaş Yoğurt,Eti Burçak,Elidor Şampuan,Komili Ayçiçek Yağı,Pepsi Max,Besler Makarna,Eti Cin,Solo Kağıt Havlu,Vernel Max Yumuşatıcı,Uno Tost Ekmeği,Fairy Bulaşık Deterjanı,Ülker Halley,Domestos Çamaşır Suyu,Knorr Tavuk Bulyon,Ülker Rondo,Çaykur Rize Turist Çayı,Tursil Toz Deterjan,Ülker Çikolatalı Gofret,Haribo Altın Ayıcık,Nestlé Nesquik,Lipton Yellow Label Çay,Bingo Matik Deterjan
Solo Kağıt Havlu,Signal Diş Macunu,Pril Bulaşık Deterjanı,Selpak Tuvalet Kağıdı,Besler Makarna,Sana Margarin,Nestlé Nesquik,Domestos Çamaşır Suyu,Persil Jel Deterjan,Uno Tost Ekmeği,Tursil Toz Deterjan,Eti Burçak,Sütaş Yoğurt,Yumoş Konsantre Yumuşatıcı,Çaykur Rize Turist Çayı,Elidor Şampuan,Tamek Bezelye Konservesi,Omo Sıvı Deterjan,Ülker Halley,Nescafé Classic,Sütaş Beyaz Peynir,Colgate Total,Maggi Çabuk Çorba,Fairy Bulaşık Deterjanı,Danone Activia,Lipton Yellow Label Çay,Coca-Cola Klasik,Torku Ayran,Ülker Çikolatalı Gofret,Yudum Zeytinyağı,Bebelac Devam Sütü,Vernel Max Yumuşatıcı,Clear Men Şampuan,Ülker Rondo,Knorr Tavuk Bulyon,ABC Çamaşır Suyu,Milka Çikolata,Haribo Altın Ayıcık,Pepsi Max,Banvit Piliç Nugget,Komili Ayçiçek Yağı
Sütaş Yoğurt,Domestos Çamaşır Suyu,Barilla Spaghetti,Pınar Kaşar Peyniri,Yumoş Konsantre Yumuşatıcı,Coca-Cola Klasik,Bingo Matik Deterjan,Ülker Rondo,Maggi Çabuk Çorba,Ülker Halley,Torku Ayran,Banvit Piliç Nugget,Solo Kağıt Havlu,Eti Cin
Ülker Rondo,Bingo Matik Deterjan,Pril Bulaşık Deterjanı,Besler Makarna,Maggi Çabuk Çorba,Banvit Piliç Nugget,Fairy Bulaşık Deterjanı
Yudum Zeytinyağı,Pepsi Max,Tat Domates Salçası,Elidor Şampuan,Milka Çikolata,Nestlé Nesquik,Banvit Piliç Nugget,Sütaş Beyaz Peynir,Colgate Total,Fanta Portakal,Sana Margarin,Bingo Matik Deterjan,Coca-Cola Klasik,Maggi Çabuk Çorba,Pril Bulaşık Deterjanı,Solo Kağıt Havlu,Danone Activia,Omo Sıvı Deterjan,Besler Makarna,Lipton Yellow Label Çay,Tamek Bezelye Konservesi
Maggi Çabuk Çorba,Komili Ayçiçek Yağı,Yumoş Konsantre Yumuşatıcı,Tat Domates Salçası,Banvit Piliç Nugget,Yudum Zeytinyağı,Bebelac Devam Sütü,Fairy Bulaşık Deterjanı,Clear Men Şampuan,Selpak Tuvalet Kağıdı,Finish Bulaşık Tableti,Signal Diş Macunu,Pınar Süt,Ülker Rondo,Colgate Total,Ülker Halley,Fanta Portakal,Torku Ayran,Pınar Kaşar Peyniri,Nescafé Classic,ABC Çamaşır Suyu,Haribo Altın Ayıcık,Milka Çikolata,Çaykur Rize Turist Çayı,Solo Kağıt Havlu,Barilla Spaghetti
Coca-Cola Klasik,Colgate Total,Sütaş Beyaz Peynir,Selpak Tuvalet Kağıdı,Besler Makarna,Elidor Şampuan,Maggi Çabuk Çorba,Tursil Toz Deterjan,Nescafé Classic,Banvit Piliç Nugget,Torku Ayran,Finish Bulaşık Tableti,Haribo Altın Ayıcık,Komili Ayçiçek Yağı,ABC Çamaşır Suyu,Danone Activia,Yumoş Konsantre Yumuşatıcı,Fanta Portakal,Bingo Matik Deterjan,Jacobs Monarch Kahve,Uno Tost Ekmeği,Sana Margarin,Eti Cin,Clear Men Şampuan,Tamek Bezelye Konservesi,Vernel Max Yumuşatıcı,Persil Jel Deterjan,Tat Domates Salçası,Ülker Rondo,Ülker Halley,Knorr Tavuk Bulyon,Yudum Zeytinyağı,Pınar Süt,Pepsi Max,Çaykur Rize Turist Çayı,Omo Sıvı Deterjan,Doğuş Karadeniz Çayı,Fairy Bulaşık Deterjanı,Solo Kağıt Havlu,Nestlé Nesquik,Pril Bulaşık Deterjanı,Signal Diş Macunu,Ülker Çikolatalı Gofret,Domestos Çamaşır Suyu,Sütaş Yoğurt
Nescafé Classic,Nestlé Nesquik,Yudum Zeytinyağı,Vernel Max Yumuşatıcı,Eti Cin,Banvit Piliç Nugget,Barilla Spaghetti,Clear Men Şampuan,Colgate Total,Pınar Süt,Fairy Bulaşık Deterjanı,Tamek Bezelye Konservesi,Sütaş Beyaz Peynir,Pepsi Max,Jacobs Monarch Kahve,Sana Margarin
Pınar Kaşar Peyniri,Ülker Halley,Sütaş Beyaz Peynir,Fairy Bulaşık Deterjanı,Komili Ayçiçek Yağı,Besler Makarna,Eti Cin,Pınar Süt,Tat Domates Salçası,Domestos Çamaşır Suyu,Ülker Çikolatalı Gofret,Tursil Toz Deterjan,Bebelac Devam Sütü,Colgate Total,Uno Tost Ekmeği,Clear Men Şampuan,Nescafé Classic,Haribo Altın Ayıcık,Vernel Max Yumuşatıcı
Fanta Portakal,Solo Kağıt Havlu,Lipton Yellow Label Çay,Sütaş Yoğurt,Torku Ayran,Selpak Tuvalet Kağıdı,Coca-Cola Klasik,Persil Jel Deterjan
Milka Çikolata,Eti Burçak,Clear Men Şampuan,Elidor Şampuan,Ülker Çikolatalı Gofret,Coca-Cola Klasik,Colgate Total,Nestlé Nesquik,Solo Kağıt Havlu,Ülker Rondo,Sütaş Beyaz Peynir,Persil Jel Deterjan,Tamek Bezelye Konservesi,Omo Sıvı Deterjan,Domestos Çamaşır Suyu,Yumoş Konsantre Yumuşatıcı,ABC Çamaşır Suyu,Pepsi Max,Haribo Altın Ayıcık,Nescafé Classic,Jacobs Monarch Kahve,Torku Ayran,Fanta Portakal,Çaykur Rize Turist Çayı,Finish Bulaşık Tableti,Banvit Piliç Nugget,Fairy Bulaşık Deterjanı,Pınar Kaşar Peyniri
Selpak Tuvalet Kağıdı,Sana Margarin,Danone Activia,Yudum Zeytinyağı,Ülker Çikolatalı Gofret,Elidor Şampuan,Omo Sıvı Deterjan,Pril Bulaşık Deterjanı,Vernel Max Yumuşatıcı,Tursil Toz Deterjan,Maggi Çabuk Çorba,Solo Kağıt Havlu,Sütaş Beyaz Peynir,Çaykur Rize Turist Çayı,ABC Çamaşır Suyu,Clear Men Şampuan,Fanta Portakal,Persil Jel Deterjan,Ülker Rondo,Knorr Tavuk Bulyon,Domestos Çamaşır Suyu,Coca-Cola Klasik,Bingo Matik Deterjan,Torku Ayran,Signal Diş Macunu,Lipton Yellow Label Çay
Persil Jel Deterjan,Coca-Cola Klasik,Domestos Çamaşır Suyu,Elidor Şampuan,Tursil Toz Deterjan,Clear Men Şampuan,Finish Bulaşık Tableti,Pepsi Max,Milka Çikolata,Danone Activia,Fanta Portakal,Haribo Altın Ayıcık
Danone Activia,Uno Tost Ekmeği,Komili Ayçiçek Yağı,Sütaş Yoğurt,Bebelac Devam Sütü,Torku Ayran,Eti Burçak,Tursil Toz Deterjan,Colgate Total,Vernel Max Yumuşatıcı,Domestos Çamaşır Suyu,Pepsi Max,Elidor Şampuan,Fanta Portakal,Finish Bulaşık Tableti,Barilla Spaghetti,Lipton Yellow Label Çay,Coca-Cola Klasik,Sütaş Beyaz Peynir,Clear Men Şampuan,Pril Bulaşık Deterjanı,Sana Margarin,Ülker Rondo,Besler Makarna,Yudum Zeytinyağı,Omo Sıvı Deterjan,Çaykur Rize Turist Çayı,Eti Cin,Ülker Çikolatalı Gofret,Bingo Matik Deterjan,Haribo Altın Ayıcık,Selpak Tuvalet Kağıdı,Banvit Piliç Nugget,Ülker Halley,ABC Çamaşır Suyu,Pınar Kaşar Peyniri,Yumoş Konsantre Yumuşatıcı,Nestlé Nesquik,Tamek Bezelye Konservesi,Solo Kağıt Havlu,Tat Domates Salçası,Jacobs Monarch Kahve
Domestos Çamaşır Suyu,Maggi Çabuk Çorba,Fanta Portakal,Torku Ayran,Ülker Rondo,Tat Domates Salçası,Pril Bulaşık Deterjanı,Sütaş Yoğurt,Eti Burçak,Jacobs Monarch Kahve,Komili Ayçiçek Yağı,Uno Tost Ekmeği,Pepsi Max,Yumoş Konsantre Yumuşatıcı,Ülker Çikolatalı Gofret,Besler Makarna,Doğuş Karadeniz Çayı,Knorr Tavuk Bulyon,Bingo Matik Deterjan,Pınar Süt,Solo Kağıt Havlu,Eti Cin,Persil Jel Deterjan,Coca-Cola Klasik,Clear Men Şampuan,Elidor Şampuan,Haribo Altın Ayıcık,Omo Sıvı Deterjan
Tamek Bezelye Konservesi,Banvit Piliç Nugget
Pepsi Max,Banvit Piliç Nugget,Signal Diş Macunu,Yumoş Konsantre Yumuşatıcı,Colgate Total,Haribo Altın Ayıcık,Ülker Çikolatalı Gofret,Eti Burçak,Domestos Çamaşır Suyu,Vernel Max Yumuşatıcı,Nescafé Classic,Doğuş Karadeniz Çayı,Uno Tost Ekmeği,ABC Çamaşır Suyu,Sütaş Beyaz Peynir,Fanta Portakal,Nestlé Nesquik,Eti Cin,Tat Domates Salçası,Persil Jel Deterjan,Çaykur Rize Turist Çayı,Yudum Zeytinyağı,Pınar Kaşar Peyniri,Maggi Çabuk Çorba,Coca-Cola Klasik,Omo Sıvı Deterjan,Bingo Matik Deterjan,Sana Margarin,Tamek Bezelye Konservesi,Danone Activia,Komili Ayçiçek Yağı,Elidor Şampuan,Barilla Spaghetti,Selpak Tuvalet Kağıdı,Fairy Bulaşık Deterjanı,Tursil Toz Deterjan
Tat Domates Salçası,Barilla Spaghetti,Bingo Matik Deterjan,Danone Activia,Selpak Tuvalet Kağıdı,Omo Sıvı Deterjan,Ülker Rondo,Finish Bulaşık Tableti,Çaykur Rize Turist Çayı,Elidor Şampuan,Eti Cin,Vernel Max Yumuşatıcı,Domestos Çamaşır Suyu,Persil Jel Deterjan,Sütaş Beyaz Peynir,Lipton Yellow Label Çay,Ülker Çikolatalı Gofret,Fairy Bulaşık Deterjanı,Colgate Total,Torku Ayran,Pril Bulaşık Deterjanı,Yudum Zeytinyağı,Milka Çikolata,Signal Diş Macunu,Pepsi Max,Sana Margarin,Solo Kağıt Havlu,Knorr Tavuk Bulyon,Clear Men Şampuan,Pınar Süt,Coca-Cola Klasik,Maggi Çabuk Çorba,Tursil Toz Deterjan,Nestlé Nesquik,Tamek Bezelye Konservesi,Nescafé Classic,Sütaş Yoğurt,Eti Burçak,Pınar Kaşar Peyniri,Fanta Portakal,Banvit Piliç Nugget,Ülker Halley,Bebelac Devam Sütü,Haribo Altın Ayıcık,Komili Ayçiçek Yağı,Doğuş Karadeniz Çayı
Uno Tost Ekmeği,Ülker Çikolatalı Gofret,Nescafé Classic,Lipton Yellow Label Çay,Omo Sıvı Deterjan,Tat Domates Salçası,Tamek Bezelye Konservesi,Sütaş Yoğurt,Persil Jel Deterjan,Domestos Çamaşır Suyu,Barilla Spaghetti,ABC Çamaşır Suyu,Clear Men Şampuan,Pınar Süt,Coca-Cola Klasik,Doğuş Karadeniz Çayı,Eti Burçak,Pril Bulaşık Deterjanı,Çaykur Rize Turist Çayı,Finish Bulaşık Tableti,Sana Margarin,Pınar Kaşar Peyniri
Ülker Halley,Fanta Portakal,Domestos Çamaşır Suyu,Uno Tost Ekmeği,Eti Burçak,Bingo Matik Deterjan,Persil Jel Deterjan
Lipton Yellow Label Çay,ABC Çamaşır Suyu,Colgate Total,Pınar Süt,Ülker Halley,Doğuş Karadeniz Çayı,Omo Sıvı Deterjan,Pınar Kaşar Peyniri,Elidor Şampuan,Milka Çikolata,Tursil Toz Deterjan,Finish Bulaşık Tableti,Eti Burçak,Uno Tost Ekmeği,Domestos Çamaşır Suyu,Vernel Max Yumuşatıcı,Solo Kağıt Havlu,Besler Makarna,Banvit Piliç Nugget,Bingo Matik Deterjan,Selpak Tuvalet Kağıdı,Knorr Tavuk Bulyon,Barilla Spaghetti,Danone Activia,Clear Men Şampuan,Nestlé Nesquik,Eti Cin,Jacobs Monarch Kahve,Bebelac Devam Sütü,Torku Ayran,Signal Diş Macunu,Fanta Portakal,Ülker Çikolatalı Gofret,Tamek Bezelye Konservesi,Sana Margarin,Nescafé Classic,Maggi Çabuk Çorba,Fairy Bulaşık Deterjanı,Coca-Cola Klasik,Ülker Rondo,Çaykur Rize Turist Çayı,Pepsi Max,Sütaş Yoğurt,Yumoş Konsantre Yumuşatıcı,Haribo Altın Ayıcık,Persil Jel Deterjan,Pril Bulaşık Deterjanı
Komili Ayçiçek Yağı,Torku Ayran,Vernel Max Yumuşatıcı,Doğuş Karadeniz Çayı
Yumoş Konsantre Yumuşatıcı,Tamek Bezelye Konservesi,Knorr Tavuk Bulyon,Ülker Rondo,Eti Cin,Colgate Total,Doğuş Karadeniz Çayı,Signal Diş Macunu,Nescafé Classic,Tursil Toz Deterjan,Domestos Çamaşır Suyu,Pepsi Max,Clear Men Şampuan,Danone Activia,Maggi Çabuk Çorba,Çaykur Rize Turist Çayı,Barilla Spaghetti,Yudum Zeytinyağı,Finish Bulaşık Tableti,Persil Jel Deterjan,Uno Tost Ekmeği,Eti Burçak,Milka Çikolata,Elidor Şampuan,Sütaş Yoğurt,Omo Sıvı Deterjan,Selpak Tuvalet Kağıdı,Torku Ayran,Coca-Cola Klasik,Sana Margarin,Tat Domates Salçası,Bingo Matik Deterjan,Pril Bulaşık Deterjanı,Bebelac Devam Sütü,Ülker Çikolatalı Gofret,Besler Makarna,Sütaş Beyaz Peynir,Pınar Süt,Lipton Yellow Label Çay,Vernel Max Yumuşatıcı,Fairy Bulaşık Deterjanı,Jacobs Monarch Kahve,Ülker Halley
Finish Bulaşık Tableti,Elidor Şampuan,Yudum Zeytinyağı,Doğuş Karadeniz Çayı,Pril Bulaşık Deterjanı,Barilla Spaghetti,Vernel Max Yumuşatıcı,Tat Domates Salçası,Nestlé Nesquik,Solo Kağıt Havlu,Bebelac Devam Sütü,Banvit Piliç Nugget,Colgate Total,Omo Sıvı Deterjan,Eti Cin,Torku Ayran,Clear Men Şampuan,Sütaş Beyaz Peynir,Fanta Portakal,Çaykur Rize Turist Çayı,Milka Çikolata,Pınar Süt,Ülker Çikolatalı Gofret,Eti Burçak,Fairy Bulaşık Deterjanı,Ülker Halley,Knorr Tavuk Bulyon,Sütaş Yoğurt,Persil Jel Deterjan,Tursil Toz Deterjan,Besler Makarna,Sana Margarin,Danone Activia,Selpak Tuvalet Kağıdı
Eti Cin,Sana Margarin,Torku Ayran,Haribo Altın Ayıcık,Signal Diş Macunu,Lipton Yellow Label Çay,Çaykur Rize Turist Çayı,Sütaş Yoğurt,Omo Sıvı Deterjan,Sütaş Beyaz Peynir,Colgate Total,Clear Men Şampuan,Pınar Süt,Tamek Bezelye Konservesi,Maggi Çabuk Çorba,Barilla Spaghetti,Domestos Çamaşır Suyu,Bebelac Devam Sütü,Nescafé Classic,Doğuş Karadeniz Çayı,Pril Bulaşık Deterjanı,Jacobs Monarch Kahve,Milka Çikolata,Fairy Bulaşık Deterjanı,ABC Çamaşır Suyu,Solo Kağıt Havlu,Vernel Max Yumuşatıcı,Persil Jel Deterjan,Yudum Zeytinyağı,Ülker Halley,Ülker Rondo,Pepsi Max,Pınar Kaşar Peyniri,Tursil Toz Deterjan,Eti Burçak,Yumoş Konsantre Yumuşatıcı,Nestlé Nesquik,Ülker Çikolatalı Gofret,Komili Ayçiçek Yağı,Besler Makarna,Banvit Piliç Nugget,Bingo Matik Deterjan,Uno Tost Ekmeği,Knorr Tavuk Bulyon,Fanta Portakal,Danone Activia,Finish Bulaşık Tableti,Tat Domates Salçası,Elidor Şampuan,Coca-Cola Klasik
Omo Sıvı Deterjan,Pepsi Max,Signal Diş Macunu,Sütaş Yoğurt,Knorr Tavuk Bulyon,Nescafé Classic,Finish Bulaşık Tableti,Besler Makarna,Coca-Cola Klasik,Ülker Rondo,Banvit Piliç Nugget,Sana Margarin,Fanta Portakal,Pril Bulaşık Deterjanı,ABC Çamaşır Suyu,Tamek Bezelye Konservesi,Çaykur Rize Turist Çayı,Elidor Şampuan,Ülker Çikolatalı Gofret,Nestlé Nesquik,Vernel Max Yumuşatıcı,Bebelac Devam Sütü,Barilla Spaghetti,Pınar Kaşar Peyniri,Milka Çikolata,Haribo Altın Ayıcık,Fairy Bulaşık Deterjanı,Torku Ayran,Danone Activia,Tursil Toz Deterjan,Tat Domates Salçası,Doğuş Karadeniz Çayı,Sütaş Beyaz Peynir,Ülker Halley,Domestos Çamaşır Suyu,Solo Kağıt Havlu,Pınar Süt,Selpak Tuvalet Kağıdı
Barilla Spaghetti,Sütaş Yoğurt,Torku Ayran,Persil Jel Deterjan,Bebelac Devam Sütü,Selpak Tuvalet Kağıdı,Banvit Piliç Nugget,Pepsi Max,Vernel Max Yumuşatıcı,Sütaş Beyaz Peynir,Ülker Çikolatalı Gofret,Ülker Halley,Pınar Kaşar Peyniri,Eti Cin,Uno Tost Ekmeği,Pril Bulaşık Deterjanı,Knorr Tavuk Bulyon,Tursil Toz Deterjan,Yumoş Konsantre Yumuşatıcı,Omo Sıvı Deterjan,Clear Men Şampuan,Nestlé Nesquik,Fanta Portakal,Tat Domates Salçası,Bingo Matik Deterjan,Doğuş Karadeniz Çayı,Ülker Rondo,Maggi Çabuk Çorba,Finish Bulaşık Tableti,Yudum Zeytinyağı,Milka Çikolata,Domestos Çamaşır Suyu,Besler Makarna,Nescafé Classic,Haribo Altın Ayıcık,Lipton Yellow Label Çay,Çaykur Rize Turist Çayı
Colgate Total,Doğuş Karadeniz Çayı,Ülker Halley,Selpak Tuvalet Kağıdı,Clear Men Şampuan,Finish Bulaşık Tableti,Pınar Süt,Haribo Altın Ayıcık,Domestos Çamaşır Suyu,Lipton Yellow Label Çay,Fanta Portakal,ABC Çamaşır Suyu,Pınar Kaşar Peyniri,Ülker Rondo,Besler Makarna,Torku Ayran,Vernel Max Yumuşatıcı,Pril Bulaşık Deterjanı,Banvit Piliç Nugget,Yumoş Konsantre Yumuşatıcı,Sütaş Beyaz Peynir,Bebelac Devam Sütü,Çaykur Rize Turist Çayı,Sana Margarin,Uno Tost Ekmeği,Jacobs Monarch Kahve,Tat Domates Salçası,Bingo Matik Deterjan,Elidor Şampuan,Maggi Çabuk Çorba,Pepsi Max,Persil Jel Deterjan,Tursil Toz Deterjan,Barilla Spaghetti,Nestlé Nesquik,Knorr Tavuk Bulyon,Komili Ayçiçek Yağı,Omo Sıvı Deterjan,Eti Cin,Ülker Çikolatalı Gofret,Tamek Bezelye Konservesi,Signal Diş Macunu,Eti Burçak,Danone Activia,Solo Kağıt Havlu,Coca-Cola Klasik,Fairy Bulaşık Deterjanı
Torku Ayran,Pril Bulaşık Deterjanı,Maggi Çabuk Çorba,Barilla Spaghetti,Lipton Yellow Label Çay,Komili Ayçiçek Yağı,Yumoş Konsantre Yumuşatıcı,Fanta Portakal,Ülker Çikolatalı Gofret,Haribo Altın Ayıcık,Çaykur Rize Turist Çayı,Pepsi Max,Omo Sıvı Deterjan,Eti Cin,Sütaş Yoğurt,Eti Burçak,Yudum Zeytinyağı,Knorr Tavuk Bulyon,Vernel Max Yumuşatıcı,Elidor Şampuan,Banvit Piliç Nugget,Ülker Halley,Pınar Süt,Danone Activia,Solo Kağıt Havlu,Tat Domates Salçası,Colgate Total,Ülker Rondo,Pınar Kaşar Peyniri,Nescafé Classic,Milka Çikolata
Solo Kağıt Havlu,Uno Tost Ekmeği,Ülker Çikolatalı Gofret,Lipton Yellow Label Çay,Domestos Çamaşır Suyu,Jacobs Monarch Kahve,ABC Çamaşır Suyu,Tursil Toz Deterjan,Doğuş Karadeniz Çayı,Pınar Kaşar Peyniri,Omo Sıvı Deterjan,Çaykur Rize Turist Çayı,Selpak Tuvalet Kağıdı,Fairy Bulaşık Deterjanı,Pepsi Max,Bingo Matik Deterjan,Nescafé Classic,Besler Makarna,Pril Bulaşık Deterjanı,Nestlé Nesquik,Clear Men Şampuan,Torku Ayran,Tamek Bezelye Konservesi,Yumoş Konsantre Yumuşatıcı
Banvit Piliç Nugget,Eti Burçak,Bingo Matik Deterjan,Ülker Halley,Vernel Max Yumuşatıcı,Ülker Rondo,Danone Activia,Barilla Spaghetti,Pepsi Max,Tursil Toz Deterjan,Doğuş Karadeniz Çayı,Solo Kağıt Havlu
Banvit Piliç Nugget,Fairy Bulaşık Deterjanı,Elidor Şampuan,Maggi Çabuk Çorba,Torku Ayran,Finish Bulaşık Tableti,Coca-Cola Klasik,Tursil Toz Deterjan,Haribo Altın Ayıcık
Solo Kağıt Havlu,Çaykur Rize Turist Çayı,Elidor Şampuan,Colgate Total,Uno Tost Ekmeği,Lipton Yellow Label Çay,Bingo Matik Deterjan,ABC Çamaşır Suyu,Nestlé Nesquik,Jacobs Monarch Kahve,Pepsi Max,Ülker Rondo,Tursil Toz Deterjan,Komili Ayçiçek Yağı,Yudum Zeytinyağı,Pril Bulaşık Deterjanı,Nescafé Classic,Milka Çikolata,Maggi Çabuk Çorba,Persil Jel Deterjan,Clear Men Şampuan,Eti Burçak,Signal Diş Macunu,Danone Activia,Besler Makarna,Haribo Altın Ayıcık,Vernel Max Yumuşatıcı
Çaykur Rize Turist Çayı,Selpak Tuvalet Kağıdı,Lipton Yellow Label Çay,Nestlé Nesquik,Maggi Çabuk Çorba,Pril Bulaşık Deterjanı,ABC Çamaşır Suyu,Domestos Çamaşır Suyu,Yumoş Konsantre Yumuşatıcı,Besler Makarna,Yudum Zeytinyağı,Sütaş Yoğurt,Knorr Tavuk Bulyon,Finish Bulaşık Tableti,Clear Men Şampuan,Ülker Çikolatalı Gofret,Sana Margarin,Fanta Portakal,Uno Tost Ekmeği,Vernel Max Yumuşatıcı,Colgate Total,Persil Jel Deterjan,Tat Domates Salçası,Bebelac Devam Sütü,Danone Activia,Haribo Altın Ayıcık,Ülker Halley,Eti Burçak,Bingo Matik Deterjan,Eti Cin,Banvit Piliç Nugget,Coca-Cola Klasik
Ülker Rondo,Eti Burçak,Bingo Matik Deterjan,Signal Diş Macunu,Solo Kağıt Havlu,Besler Makarna,Colgate Total,Fairy Bulaşık Deterjanı,Komili Ayçiçek Yağı,Vernel Max Yumuşatıcı,Milka Çikolata,Yudum Zeytinyağı,Jacobs Monarch Kahve,Tamek Bezelye Konservesi,Sütaş Yoğurt,Pınar Süt,Yumoş Konsantre Yumuşatıcı,Doğuş Karadeniz Çayı,Torku Ayran,Nescafé Classic,Nestlé Nesquik,Selpak Tuvalet Kağıdı,Danone Activia,Uno Tost Ekmeği,Omo Sıvı Deterjan,Barilla Spaghetti,Sana Margarin,Domestos Çamaşır Suyu,Pepsi Max,Banvit Piliç Nugget,Tat Domates Salçası,Knorr Tavuk Bulyon,Finish Bulaşık Tableti,Bebelac Devam Sütü,Pınar Kaşar Peyniri
Signal Diş Macunu,Uno Tost Ekmeği,Sütaş Yoğurt,Ülker Rondo,Nestlé Nesquik,Selpak Tuvalet Kağıdı,Persil Jel Deterjan,Doğuş Karadeniz Çayı,Omo Sıvı Deterjan,Fairy Bulaşık Deterjanı,Eti Cin,Komili Ayçiçek Yağı,Yudum Zeytinyağı,Pınar Kaşar Peyniri,Torku Ayran,Bebelac Devam Sütü,Tamek Bezelye Konservesi,Besler Makarna,Coca-Cola Klasik,Finish Bulaşık Tableti,Ülker Çikolatalı Gofret,Solo Kağıt Havlu,Clear Men Şampuan,Colgate Total,Jacobs Monarch Kahve,Nescafé Classic,Haribo Altın Ayıcık,Çaykur Rize Turist Çayı,Eti Burçak,Lipton Yellow Label Çay,Tursil Toz Deterjan,Bingo Matik Deterjan,Barilla Spaghetti,Milka Çikolata,Pepsi Max,Fanta Portakal,Ülker Halley,Pınar Süt,Tat Domates Salçası,Danone Activia,Vernel Max Yumuşatıcı,Knorr Tavuk Bulyon,Sana Margarin
Elidor Şampuan,Knorr Tavuk Bulyon,Lipton Yellow Label Çay,Selpak Tuvalet Kağıdı,Nescafé Classic,Ülker Çikolatalı Gofret,Fanta Portakal,Sütaş Beyaz Peynir,Colgate Total,Bebelac Devam Sütü,Komili Ayçiçek Yağı,Nestlé Nesquik,Uno Tost Ekmeği,Yudum Zeytinyağı,Tursil Toz Deterjan,Coca-Cola Klasik,Persil Jel Deterjan,Ülker Halley,Signal Diş Macunu,Barilla Spaghetti,Maggi Çabuk Çorba,Banvit Piliç Nugget,Eti Burçak,Solo Kağıt Havlu,Eti Cin,Danone Activia,Besler Makarna,Milka Çikolata,Omo Sıvı Deterjan,Pınar Süt,Yumoş Konsantre Yumuşatıcı,Torku Ayran,Vernel Max Yumuşatıcı,Sütaş Yoğurt
Pınar Süt,Sütaş Beyaz Peynir,Bingo Matik Deterjan,Komili Ayçiçek Yağı,Çaykur Rize Turist Çayı,Persil Jel Deterjan,Ülker Rondo,Vernel Max Yumuşatıcı,Danone Activia,Bebelac Devam Sütü,Pepsi Max,Eti Burçak,Lipton Yellow Label Çay,Jacobs Monarch Kahve,Omo Sıvı Deterjan,Haribo Altın Ayıcık,Ülker Çikolatalı Gofret,Fanta Portakal,ABC Çamaşır Suyu,Fairy Bulaşık Deterjanı,Signal Diş Macunu,Besler Makarna,Finish Bulaşık Tableti,Sütaş Yoğurt,Banvit Piliç Nugget,Selpak Tuvalet Kağıdı,Coca-Cola Klasik,Nestlé Nesquik,Uno Tost Ekmeği,Maggi Çabuk Çorba
Komili Ayçiçek Yağı,Ülker Halley,Eti Burçak,Milka Çikolata,Eti Cin,Selpak Tuvalet Kağıdı,Pınar Süt,Yumoş Konsantre Yumuşatıcı,Sütaş Beyaz Peynir,Nescafé Classic,Ülker Rondo,Sütaş Yoğurt,Maggi Çabuk Çorba,Omo Sıvı Deterjan,Tursil Toz Deterjan
Yumoş Konsantre Yumuşatıcı,Lipton Yellow Label Çay,Pril Bulaşık Deterjanı,Haribo Altın Ayıcık,Pınar Kaşar Peyniri,Tursil Toz Deterjan,Sütaş Beyaz Peynir,Eti Cin,Signal Diş Macunu,Sütaş Yoğurt,Uno Tost Ekmeği,Ülker Rondo,Solo Kağıt Havlu,Omo Sıvı Deterjan,Doğuş Karadeniz Çayı,Bingo Matik Deterjan,Ülker Halley,Çaykur Rize Turist Çayı,Tamek Bezelye Konservesi,Fairy Bulaşık Deterjanı,Vernel Max Yumuşatıcı,Sana Margarin,Persil Jel Deterjan,Elidor Şampuan,Bebelac Devam Sütü,Banvit Piliç Nugget,Domestos Çamaşır Suyu,Pepsi Max,Pınar Süt,Maggi Çabuk Çorba,Knorr Tavuk Bulyon,Yudum Zeytinyağı,Danone Activia,Finish Bulaşık Tableti,Komili Ayçiçek Yağı,Ülker Çikolatalı Gofret
Milka Çikolata,Selpak Tuvalet Kağıdı,Lipton Yellow Label Çay,Eti Burçak,Domestos Çamaşır Suyu,Ülker Rondo,Nestlé Nesquik,Haribo Altın Ayıcık
Barilla Spaghetti,Persil Jel Deterjan,Ülker Rondo,Ülker Halley,Vernel Max Yumuşatıcı,Pepsi Max,Jacobs Monarch Kahve,Eti Burçak,Çaykur Rize Turist Çayı,Pınar Süt,Nestlé Nesquik
Yumoş Konsantre Yumuşatıcı,Persil Jel Deterjan,ABC Çamaşır Suyu,Clear Men Şampuan,Finish Bulaşık Tableti,Yudum Zeytinyağı,Pınar Kaşar Peyniri,Pepsi Max,Pınar Süt,Coca-Cola Klasik,Tat Domates Salçası,Doğuş Karadeniz Çayı,Fairy Bulaşık Deterjanı,Bebelac Devam Sütü,Colgate Total,Sana Margarin
