Reis Baldo Pirinç 1kg,Yayla Kırmızı Mercimek 1kg,Domestos Çamaşır Suyu 810g,Lipton Yellow Label Siyah Çay 1kg,Banvit Piliç Nugget 500g,Haribo Altın Ayıcık 80g,Cif Krem Temizleyici 500ml,Pınar Süt 1L,Tat Garnitür 560g
Knorr Tavuk Bulyon 24'lü,Knorr Ezogelin Çorbası 76g,Komili Zeytinyağı 1L,Ülker Halley 5'li,Reis Baldo Pirinç 1kg,Red Bull Enerji İçeceği 250ml,Hero Baby Organik Püre 125g,Lipton Yellow Label Siyah Çay 1kg,Maggi Et Suyu Bulyon 24'lü
Knorr Tavuk Bulyon 24'lü,Omo Sıvı Deterjan 3L,Sütaş Süzme Peynir 500g,Algida Maraş Dondurma 500ml,Ariel Toz Deterjan 7kg
Colgate Total Diş Macunu 75ml,Lipton Yellow Label Siyah Çay 1kg,Yudum Ayçiçek Yağı 2L,Cif Krem Temizleyici 500ml,Red Bull Enerji İçeceği 250ml,Dankek 8 Kek Kakaolu 180g,İçim Kefir 500ml
Sırma Maden Suyu 6'lı,Knorr Tavuk Bulyon 24'lü,Duru Pilavlık Bulgur 1kg,Coca-Cola 1.5L
Ariel Toz Deterjan 7kg,Sütaş Süzme Peynir 500g,Sırma Maden Suyu 6'lı,Barilla Spaghetti 500g,Knorr Tavuk Bulyon 24'lü,Lipton Ice Tea Şeftali 1.5L,Ülker Bebe Bisküvisi 800g
Cif Krem Temizleyici 500ml,Reis Baldo Pirinç 1kg,Fairy Bulaşık Deterjanı 650ml,Nescafé Classic 100g,Coca-Cola 1.5L,Tat Ketçap 400g,Torku Tereyağı 250g,Lipton Yellow Label Siyah Çay 1kg,Finish Quantum Tablet 60'lı
Doğadan Nane Limon Çayı 20'li,Tat Ketçap 400g,Haribo Altın Ayıcık 80g
Komili Zeytinyağı 1L,Ülker Çikolatalı Gofret 5'li,Polonez Dana Jambon 60g,Maggi Et Suyu Bulyon 24'lü,Tat Ketçap 400g,Barilla Spaghetti 500g,Ariel Toz Deterjan 7kg,Ülker Bebe Bisküvisi 800g,Eti Burçak Bisküvi 200g,Reis Baldo Pirinç 1kg
Nestle Nesquik 375g,Dankek 8 Kek Kakaolu 180g,Finish Quantum Tablet 60'lı,Komili Zeytinyağı 1L,Banvit Piliç Nugget 500g,Lipton Yellow Label Siyah Çay 1kg,Ülker İçim Süzme Peynir 500g,Ülker Halley 5'li
Lipton Ice Tea Şeftali 1.5L,Yayla Kırmızı Mercimek 1kg,Ülker Halley 5'li,Eti Burçak Bisküvi 200g,Doğadan Nane Limon Çayı 20'li,Tat Domates Salçası 830g,Sırma Maden Suyu 6'lı
Coca-Cola 1.5L,Ülker İçim Süzme Peynir 500g,Pınar Süt 1L,Prima Bebek Bezi No:4 50'li,Oral-B Diş Fırçası 3'lü,Doğadan Nane Limon Çayı 20'li,Hero Baby Organik Püre 125g,Sırma Maden Suyu 6'lı,Sütaş Süzme Peynir 500g,Ülker Halley 5'li,Knorr Tavuk Bulyon 24'lü
Reis Baldo Pirinç 1kg,Fairy Bulaşık Deterjanı 650ml,Prima Bebek Bezi No:4 50'li
Ülker Çikolatalı Gofret 5'li,Barilla Spaghetti 500g,Sleepy Islak Havlu 90'lı,Tat Domates Salçası 830g,Reis Baldo Pirinç 1kg,Yayla Kırmızı Mercimek 1kg,Finish Quantum Tablet 60'lı,Knorr Ezogelin Çorbası 76g,Dankek 8 Kek Kakaolu 180g,Duru Pilavlık Bulgur 1kg,Ülker Halley 5'li
Fairy Bulaşık Deterjanı 650ml,Lipton Yellow Label Siyah Çay 1kg,Oral-B Diş Fırçası 3'lü,Finish Quantum Tablet 60'lı,Torku Tereyağı 250g,Algida Maraş Dondurma 500ml,İçim Kefir 500ml,Nutella Fındık Kreması 400g,Ülker İçim Süzme Peynir 500g,Polonez Dana Jambon 60g
Nescafé Classic 100g,Polonez Dana Jambon 60g,Tat Garnitür 560g
Knorr Ezogelin Çorbası 76g,Torku Tam Buğday Ekmeği 400g,Ülker Halley 5'li,Nutella Fındık Kreması 400g,Hero Baby Organik Püre 125g,Sırma Maden Suyu 6'lı,Sütaş Yoğurt 500g,Omo Sıvı Deterjan 3L,Tat Ketçap 400g,Knorr Tavuk Bulyon 24'lü,Lipton Ice Tea Şeftali 1.5L,Coca-Cola 1.5L
Haribo Altın Ayıcık 80g,Sırma Maden Suyu 6'lı,Knorr Ezogelin Çorbası 76g,Eti Form Bisküvi 3'lü,Sütaş Süzme Peynir 500g,Torku Tereyağı 250g,Hero Baby Organik Püre 125g,Lipton Ice Tea Şeftali 1.5L,Nestle Nesquik 375g,Polonez Dana Jambon 60g
Yayla Kırmızı Mercimek 1kg,Torku Tam Buğday Ekmeği 400g,Yudum Ayçiçek Yağı 2L,Komili Zeytinyağı 1L,Banvit Piliç Nugget 500g,Lipton Yellow Label Siyah Çay 1kg
Torku Tereyağı 250g,Red Bull Enerji İçeceği 250ml,Banvit Piliç Nugget 500g,Tat Domates Salçası 830g,Hero Baby Organik Püre 125g,Prima Bebek Bezi No:4 50'li,Duru Pilavlık Bulgur 1kg,Ülker Bebe Bisküvisi 800g,İçim Kefir 500ml
Sütaş Yoğurt 500g,Finish Quantum Tablet 60'lı,Hero Baby Organik Püre 125g,Fairy Bulaşık Deterjanı 650ml,Eti Form Bisküvi 3'lü,Domestos Çamaşır Suyu 810g,Tat Domates Salçası 830g
Algida Maraş Dondurma 500ml,Eti Burçak Bisküvi 200g,Nestle Nesquik 375g,Sütaş Yoğurt 500g,Yudum Ayçiçek Yağı 2L,Nutella Fındık Kreması 400g
Duru Pilavlık Bulgur 1kg,Red Bull Enerji İçeceği 250ml,Fairy Bulaşık Deterjanı 650ml,Polonez Dana Jambon 60g,Ülker İçim Süzme Peynir 500g,Komili Zeytinyağı 1L,Lipton Ice Tea Şeftali 1.5L,Eti Form Bisküvi 3'lü,Nutella Fındık Kreması 400g,Finish Quantum Tablet 60'lı,Tat Garnitür 560g
Red Bull Enerji İçeceği 250ml,İçim Kefir 500ml,Sırma Maden Suyu 6'lı
Dankek 8 Kek Kakaolu 180g,Barilla Spaghetti 500g,Maggi Et Suyu Bulyon 24'lü
Reis Baldo Pirinç 1kg,Oral-B Diş Fırçası 3'lü,Eti Burçak Bisküvi 200g,Polonez Dana Jambon 60g,Doğadan Nane Limon Çayı 20'li,Tat Garnitür 560g,Red Bull Enerji İçeceği 250ml,Sleepy Islak Havlu 90'lı,Yudum Ayçiçek Yağı 2L,Komili Zeytinyağı 1L,Lipton Yellow Label Siyah Çay 1kg
Ülker Bebe Bisküvisi 800g,Fairy Bulaşık Deterjanı 650ml,Yudum Ayçiçek Yağı 2L,Ülker Çikolatalı Gofret 5'li,Red Bull Enerji İçeceği 250ml,Lipton Yellow Label Siyah Çay 1kg,Polonez Dana Jambon 60g,Eti Burçak Bisküvi 200g,Tat Domates Salçası 830g,Lipton Ice Tea Şeftali 1.5L,Nutella Fındık Kreması 400g,Barilla Spaghetti 500g
Nestle Nesquik 375g,Ülker Çikolatalı Gofret 5'li,Reis Baldo Pirinç 1kg
Haribo Altın Ayıcık 80g,Omo Sıvı Deterjan 3L,Prima Bebek Bezi No:4 50'li,Maggi Et Suyu Bulyon 24'lü,Tat Ketçap 400g
Ülker Halley 5'li,Yudum Ayçiçek Yağı 2L,Tat Garnitür 560g,Omo Sıvı Deterjan 3L,Maggi Et Suyu Bulyon 24'lü,Yayla Kırmızı Mercimek 1kg,Haribo Altın Ayıcık 80g,Colgate Total Diş Macunu 75ml,Fairy Bulaşık Deterjanı 650ml,Sütaş Süzme Peynir 500g,Domestos Çamaşır Suyu 810g,Coca-Cola 1.5L
Coca-Cola 1.5L,Finish Quantum Tablet 60'lı,Nestle Nesquik 375g,Torku Tereyağı 250g,Doğadan Nane Limon Çayı 20'li,Yudum Ayçiçek Yağı 2L,Sütaş Süzme Peynir 500g,Lipton Yellow Label Siyah Çay 1kg,Torku Tam Buğday Ekmeği 400g,Sleepy Islak Havlu 90'lı,Yayla Kırmızı Mercimek 1kg
İçim Kefir 500ml,Lipton Ice Tea Şeftali 1.5L,Lipton Yellow Label Siyah Çay 1kg,Ülker Çikolatalı Gofret 5'li,Banvit Piliç Nugget 500g,Reis Baldo Pirinç 1kg,Haribo Altın Ayıcık 80g,Torku Tam Buğday Ekmeği 400g
Barilla Spaghetti 500g,Sleepy Islak Havlu 90'lı
Duru Pilavlık Bulgur 1kg,Hero Baby Organik Püre 125g,Yayla Kırmızı Mercimek 1kg,Nescafé Classic 100g,Nestle Nesquik 375g,Maggi Et Suyu Bulyon 24'lü,Banvit Piliç Nugget 500g
Finish Quantum Tablet 60'lı,Pınar Süt 1L,Dankek 8 Kek Kakaolu 180g,İçim Kefir 500ml,Torku Tam Buğday Ekmeği 400g,Nescafé Classic 100g,Maggi Et Suyu Bulyon 24'lü
Dankek 8 Kek Kakaolu 180g,Coca-Cola 1.5L,Sırma Maden Suyu 6'lı,Tat Domates Salçası 830g,Colgate Total Diş Macunu 75ml
Torku Tereyağı 250g,Domestos Çamaşır Suyu 810g,Finish Quantum Tablet 60'lı,Maggi Et Suyu Bulyon 24'lü
Eti Form Bisküvi 3'lü,Banvit Piliç Nugget 500g,Tat Ketçap 400g,Ülker Bebe Bisküvisi 800g,Komili Zeytinyağı 1L,Omo Sıvı Deterjan 3L,Prima Bebek Bezi No:4 50'li
Barilla Spaghetti 500g,Tat Garnitür 560g,Komili Zeytinyağı 1L,İçim Kefir 500ml,Dankek 8 Kek Kakaolu 180g,Sırma Maden Suyu 6'lı,Reis Baldo Pirinç 1kg,Knorr Tavuk Bulyon 24'lü,Ülker İçim Süzme Peynir 500g,Ülker Çikolatalı Gofret 5'li,Torku Tereyağı 250g,Sütaş Yoğurt 500g
Knorr Ezogelin Çorbası 76g,Pınar Süt 1L,Tat Ketçap 400g,Sleepy Islak Havlu 90'lı,Polonez Dana Jambon 60g,İçim Kefir 500ml
Banvit Piliç Nugget 500g,Duru Pilavlık Bulgur 1kg,Omo Sıvı Deterjan 3L,Eti Burçak Bisküvi 200g
Eti Form Bisküvi 3'lü,Komili Zeytinyağı 1L
Sleepy Islak Havlu 90'lı,Omo Sıvı Deterjan 3L,Maggi Et Suyu Bulyon 24'lü,Tat Garnitür 560g,Knorr Ezogelin Çorbası 76g,Barilla Spaghetti 500g,Nestle Nesquik 375g,Ülker Halley 5'li
Hero Baby Organik Püre 125g,Reis Baldo Pirinç 1kg,İçim Kefir 500ml,Eti Burçak Bisküvi 200g,Banvit Piliç Nugget 500g,Ülker Çikolatalı Gofret 5'li,Polonez Dana Jambon 60g
Torku Tereyağı 250g,Sırma Maden Suyu 6'lı,Ariel Toz Deterjan 7kg,Sütaş Yoğurt 500g
Doğadan Nane Limon Çayı 20'li,Sütaş Süzme Peynir 500g,Ülker Çikolatalı Gofret 5'li,Sırma Maden Suyu 6'lı,Eti Form Bisküvi 3'lü,Pınar Süt 1L,Banvit Piliç Nugget 500g,Reis Baldo Pirinç 1kg,Tat Domates Salçası 830g,Ülker Halley 5'li
Sütaş Süzme Peynir 500g,Tat Domates Salçası 830g,Colgate Total Diş Macunu 75ml,Lipton Yellow Label Siyah Çay 1kg,Fairy Bulaşık Deterjanı 650ml,Lipton Ice Tea Şeftali 1.5L,Barilla Spaghetti 500g,Duru Pilavlık Bulgur 1kg,Nutella Fındık Kreması 400g
Red Bull Enerji İçeceği 250ml,Yayla Kırmızı Mercimek 1kg,Fairy Bulaşık Deterjanı 650ml,Hero Baby Organik Püre 125g,Nestle Nesquik 375g,Knorr Ezogelin Çorbası 76g
Nestle Nesquik 375g,Ülker İçim Süzme Peynir 500g,Doğadan Nane Limon Çayı 20'li,Barilla Spaghetti 500g,Red Bull Enerji İçeceği 250ml,Eti Burçak Bisküvi 200g,Pınar Süt 1L,Tat Ketçap 400g
Finish Quantum Tablet 60'lı,Maggi Et Suyu Bulyon 24'lü,Ülker Çikolatalı Gofret 5'li,İçim Kefir 500ml,Duru Pilavlık Bulgur 1kg,Nescafé Classic 100g,Ariel Toz Deterjan 7kg,Hero Baby Organik Püre 125g,Fairy Bulaşık Deterjanı 650ml,Yayla Kırmızı Mercimek 1kg,Barilla Spaghetti 500g
Haribo Altın Ayıcık 80g,Eti Burçak Bisküvi 200g,Ülker İçim Süzme Peynir 500g,Sütaş Yoğurt 500g,Tat Ketçap 400g,Komili Zeytinyağı 1L,Maggi Et Suyu Bulyon 24'lü,Ülker Çikolatalı Gofret 5'li,Dankek 8 Kek Kakaolu 180g,Ülker Halley 5'li
Sütaş Yoğurt 500g,Tat Garnitür 560g,Komili Zeytinyağı 1L,Lipton Yellow Label Siyah Çay 1kg
Pınar Süt 1L,Sütaş Süzme Peynir 500g,Barilla Spaghetti 500g,Omo Sıvı Deterjan 3L,Torku Tam Buğday Ekmeği 400g
Coca-Cola 1.5L,Nutella Fındık Kreması 400g,Algida Maraş Dondurma 500ml,Finish Quantum Tablet 60'lı,Prima Bebek Bezi No:4 50'li,Hero Baby Organik Püre 125g,Fairy Bulaşık Deterjanı 650ml,Polonez Dana Jambon 60g,Ülker İçim Süzme Peynir 500g
Colgate Total Diş Macunu 75ml,Nestle Nesquik 375g,Nutella Fındık Kreması 400g,Yayla Kırmızı Mercimek 1kg,Algida Maraş Dondurma 500ml,Red Bull Enerji İçeceği 250ml,Oral-B Diş Fırçası 3'lü,Nescafé Classic 100g
Ülker Çikolatalı Gofret 5'li,Sütaş Yoğurt 500g,Sleepy Islak Havlu 90'lı,Torku Tereyağı 250g,Ülker Halley 5'li,Coca-Cola 1.5L
Prima Bebek Bezi No:4 50'li,Coca-Cola 1.5L
Sleepy Islak Havlu 90'lı,Barilla Spaghetti 500g,Ülker Halley 5'li,Tat Ketçap 400g,Polonez Dana Jambon 60g,Nutella Fındık Kreması 400g
Sütaş Süzme Peynir 500g,Duru Pilavlık Bulgur 1kg,Sütaş Yoğurt 500g,Ülker Bebe Bisküvisi 800g,Banvit Piliç Nugget 500g,Algida Maraş Dondurma 500ml,Knorr Ezogelin Çorbası 76g,Ülker İçim Süzme Peynir 500g
Coca-Cola 1.5L,Sleepy Islak Havlu 90'lı
Domestos Çamaşır Suyu 810g,Komili Zeytinyağı 1L,Haribo Altın Ayıcık 80g,Barilla Spaghetti 500g,Eti Burçak Bisküvi 200g
Ülker Halley 5'li,Lipton Yellow Label Siyah Çay 1kg,Lipton Ice Tea Şeftali 1.5L,Tat Garnitür 560g
Yayla Kırmızı Mercimek 1kg,Fairy Bulaşık Deterjanı 650ml,Barilla Spaghetti 500g,Omo Sıvı Deterjan 3L,Red Bull Enerji İçeceği 250ml
Omo Sıvı Deterjan 3L,Nescafé Classic 100g,Nestle Nesquik 375g,Eti Form Bisküvi 3'lü
Cif Krem Temizleyici 500ml,Fairy Bulaşık Deterjanı 650ml,Finish Quantum Tablet 60'lı,Tat Ketçap 400g,Nescafé Classic 100g,Pınar Süt 1L,Haribo Altın Ayıcık 80g,Torku Tam Buğday Ekmeği 400g,Ariel Toz Deterjan 7kg,Ülker Bebe Bisküvisi 800g,Knorr Tavuk Bulyon 24'lü
Dankek 8 Kek Kakaolu 180g,Doğadan Nane Limon Çayı 20'li,İçim Kefir 500ml,Sleepy Islak Havlu 90'lı,Yayla Kırmızı Mercimek 1kg,Ariel Toz Deterjan 7kg,Red Bull Enerji İçeceği 250ml,Eti Burçak Bisküvi 200g,Haribo Altın Ayıcık 80g,Lipton Yellow Label Siyah Çay 1kg,Finish Quantum Tablet 60'lı,Coca-Cola 1.5L
Polonez Dana Jambon 60g,Haribo Altın Ayıcık 80g,Torku Tam Buğday Ekmeği 400g,Fairy Bulaşık Deterjanı 650ml,Sütaş Yoğurt 500g,Barilla Spaghetti 500g,Red Bull Enerji İçeceği 250ml,Tat Ketçap 400g,Doğadan Nane Limon Çayı 20'li,Knorr Ezogelin Çorbası 76g,Cif Krem Temizleyici 500ml
Tat Domates Salçası 830g,Hero Baby Organik Püre 125g,Doğadan Nane Limon Çayı 20'li,Eti Burçak Bisküvi 200g,Pınar Süt 1L,Prima Bebek Bezi No:4 50'li,Algida Maraş Dondurma 500ml,Banvit Piliç Nugget 500g
Sırma Maden Suyu 6'lı,Eti Form Bisküvi 3'lü,Torku Tam Buğday Ekmeği 400g,Nescafé Classic 100g,Barilla Spaghetti 500g,Sütaş Süzme Peynir 500g
Knorr Ezogelin Çorbası 76g,Fairy Bulaşık Deterjanı 650ml,Eti Form Bisküvi 3'lü,Sütaş Süzme Peynir 500g,Omo Sıvı Deterjan 3L,Coca-Cola 1.5L,Lipton Yellow Label Siyah Çay 1kg,Ülker Bebe Bisküvisi 800g,Ariel Toz Deterjan 7kg
Lipton Ice Tea Şeftali 1.5L,Red Bull Enerji İçeceği 250ml,Komili Zeytinyağı 1L,Yudum Ayçiçek Yağı 2L,Lipton Yellow Label Siyah Çay 1kg,Doğadan Nane Limon Çayı 20'li,Pınar Süt 1L,Omo Sıvı Deterjan 3L
Ülker Çikolatalı Gofret 5'li,Lipton Yellow Label Siyah Çay 1kg,Red Bull Enerji İçeceği 250ml,Torku Tereyağı 250g,Banvit Piliç Nugget 500g,Lipton Ice Tea Şeftali 1.5L,İçim Kefir 500ml,Ülker Halley 5'li
Barilla Spaghetti 500g,Yayla Kırmızı Mercimek 1kg,Polonez Dana Jambon 60g
Sırma Maden Suyu 6'lı,Nutella Fındık Kreması 400g,Eti Burçak Bisküvi 200g,Tat Garnitür 560g,Ülker Çikolatalı Gofret 5'li
Maggi Et Suyu Bulyon 24'lü,Doğadan Nane Limon Çayı 20'li
Nestle Nesquik 375g,Eti Burçak Bisküvi 200g,Komili Zeytinyağı 1L,Pınar Süt 1L,Ülker Çikolatalı Gofret 5'li,Cif Krem Temizleyici 500ml,Domestos Çamaşır Suyu 810g,Fairy Bulaşık Deterjanı 650ml,Haribo Altın Ayıcık 80g,Lipton Ice Tea Şeftali 1.5L,Torku Tam Buğday Ekmeği 400g,Barilla Spaghetti 500g
Banvit Piliç Nugget 500g,Yudum Ayçiçek Yağı 2L,Prima Bebek Bezi No:4 50'li,Eti Burçak Bisküvi 200g,Polonez Dana Jambon 60g,Lipton Yellow Label Siyah Çay 1kg,Lipton Ice Tea Şeftali 1.5L,Omo Sıvı Deterjan 3L,Ülker Bebe Bisküvisi 800g,Red Bull Enerji İçeceği 250ml
Cif Krem Temizleyici 500ml,Omo Sıvı Deterjan 3L,Sütaş Süzme Peynir 500g,Ariel Toz Deterjan 7kg,Doğadan Nane Limon Çayı 20'li,Pınar Süt 1L,Oral-B Diş Fırçası 3'lü
Sütaş Yoğurt 500g,Barilla Spaghetti 500g,Sütaş Süzme Peynir 500g,Prima Bebek Bezi No:4 50'li,Yudum Ayçiçek Yağı 2L,Ülker Çikolatalı Gofret 5'li,Haribo Altın Ayıcık 80g,Cif Krem Temizleyici 500ml,Finish Quantum Tablet 60'lı,Doğadan Nane Limon Çayı 20'li,Polonez Dana Jambon 60g
Doğadan Nane Limon Çayı 20'li,Nescafé Classic 100g,Ülker Çikolatalı Gofret 5'li
İçim Kefir 500ml,Knorr Ezogelin Çorbası 76g,Ülker Halley 5'li,Tat Garnitür 560g,Dankek 8 Kek Kakaolu 180g,Banvit Piliç Nugget 500g,Barilla Spaghetti 500g,Haribo Altın Ayıcık 80g
Omo Sıvı Deterjan 3L,Polonez Dana Jambon 60g
Omo Sıvı Deterjan 3L,Tat Domates Salçası 830g,Coca-Cola 1.5L
Coca-Cola 1.5L,Ülker Halley 5'li,Ülker İçim Süzme Peynir 500g
Sütaş Yoğurt 500g,Sütaş Süzme Peynir 500g,Nescafé Classic 100g,Lipton Ice Tea Şeftali 1.5L,Tat Ketçap 400g,Duru Pilavlık Bulgur 1kg,Yayla Kırmızı Mercimek 1kg,Maggi Et Suyu Bulyon 24'lü,Doğadan Nane Limon Çayı 20'li,Cif Krem Temizleyici 500ml
Pınar Süt 1L,Ülker İçim Süzme Peynir 500g
Lipton Yellow Label Siyah Çay 1kg,Nescafé Classic 100g,Dankek 8 Kek Kakaolu 180g,Tat Domates Salçası 830g,Sırma Maden Suyu 6'lı,Ülker Bebe Bisküvisi 800g
Oral-B Diş Fırçası 3'lü,Hero Baby Organik Püre 125g
Yudum Ayçiçek Yağı 2L,Komili Zeytinyağı 1L,Finish Quantum Tablet 60'lı,Ülker Halley 5'li,Prima Bebek Bezi No:4 50'li,Colgate Total Diş Macunu 75ml,Oral-B Diş Fırçası 3'lü,Dankek 8 Kek Kakaolu 180g,İçim Kefir 500ml,Ülker Bebe Bisküvisi 800g
Yayla Kırmızı Mercimek 1kg,Ülker İçim Süzme Peynir 500g,Nescafé Classic 100g,Maggi Et Suyu Bulyon 24'lü,Lipton Ice Tea Şeftali 1.5L,Colgate Total Diş Macunu 75ml,Yudum Ayçiçek Yağı 2L,Doğadan Nane Limon Çayı 20'li
Nescafé Classic 100g,Oral-B Diş Fırçası 3'lü
Fairy Bulaşık Deterjanı 650ml,Ülker Halley 5'li,Knorr Ezogelin Çorbası 76g,Sütaş Süzme Peynir 500g,Maggi Et Suyu Bulyon 24'lü,Ariel Toz Deterjan 7kg,Cif Krem Temizleyici 500ml,Banvit Piliç Nugget 500g,Eti Form Bisküvi 3'lü,Colgate Total Diş Macunu 75ml,Sleepy Islak Havlu 90'lı
Maggi Et Suyu Bulyon 24'lü,Oral-B Diş Fırçası 3'lü,Sleepy Islak Havlu 90'lı,Ülker İçim Süzme Peynir 500g,İçim Kefir 500ml,Sütaş Süzme Peynir 500g,Lipton Yellow Label Siyah Çay 1kg,Ariel Toz Deterjan 7kg,Tat Garnitür 560g
Lipton Yellow Label Siyah Çay 1kg,Domestos Çamaşır Suyu 810g,Tat Ketçap 400g,Haribo Altın Ayıcık 80g,Red Bull Enerji İçeceği 250ml,İçim Kefir 500ml,Doğadan Nane Limon Çayı 20'li,Algida Maraş Dondurma 500ml,Hero Baby Organik Püre 125g,Nutella Fındık Kreması 400g,Sütaş Yoğurt 500g
Komili Zeytinyağı 1L,Yudum Ayçiçek Yağı 2L,Hero Baby Organik Püre 125g
Hero Baby Organik Püre 125g,Komili Zeytinyağı 1L,Nestle Nesquik 375g,Tat Ketçap 400g,Yayla Kırmızı Mercimek 1kg,Tat Garnitür 560g
Reis Baldo Pirinç 1kg,Polonez Dana Jambon 60g,Fairy Bulaşık Deterjanı 650ml,Maggi Et Suyu Bulyon 24'lü,Dankek 8 Kek Kakaolu 180g,Finish Quantum Tablet 60'lı,Domestos Çamaşır Suyu 810g,Haribo Altın Ayıcık 80g
Duru Pilavlık Bulgur 1kg,Sleepy Islak Havlu 90'lı,Algida Maraş Dondurma 500ml,İçim Kefir 500ml,Omo Sıvı Deterjan 3L,Ariel Toz Deterjan 7kg,Haribo Altın Ayıcık 80g,Prima Bebek Bezi No:4 50'li,Sırma Maden Suyu 6'lı
Tat Ketçap 400g,Lipton Yellow Label Siyah Çay 1kg,Duru Pilavlık Bulgur 1kg,Prima Bebek Bezi No:4 50'li,Maggi Et Suyu Bulyon 24'lü,Nestle Nesquik 375g,Torku Tereyağı 250g,Tat Garnitür 560g,Nescafé Classic 100g,Pınar Süt 1L,Reis Baldo Pirinç 1kg
Maggi Et Suyu Bulyon 24'lü,Prima Bebek Bezi No:4 50'li,Colgate Total Diş Macunu 75ml
